pred,mess
0,"亲爱的佳人们
"
0,办年审
0,"西城年华小四女及望月公寓小三女作业xx元/时；西溪风情初一女英科学xx元/时；之江公寓高一女数理化xx元/时请回电神舟家教xxxxxxxx佘
"
0,"请把房租打到招行xxxxxxxxxxxxxxxx邹晓燕
"
0,"xxxx开疆拓土!现房
"
0,鼓楼龙江有房
0,知音半岛·泊翠 后官湖生态宜居新城内
0,安赢系列x年期保证年利率x.xx%
0,明月新城底商排号优惠政策～东升老业主排号五万抵十万～普通客户排号五万抵八万～有需要的可以和我联系～明月新城马小龙～
0,"健康在线尤维斯产品大促全场买二送一产品购一套即再送一瓶维e
"
0,"信用社xxxxxxxxxxxxxxxx佘远美
"
0,本公司主要经营五金冲压及其制品
0,"xxxxxxoxxxxxxxxxoxo农行张玉兰
"
0,"玛雅国际养生会所回馈新老顾客
"
0,中国电信真xG、华为Matex免费送！预存xxxx元话费即送华为xG双模手机Matex
0,办各种证件电话xxxxxxxxxxx
0,"本期水一木一金野兽开一特
"
0,"尊敬的晋商银行客户：x月xx日前发行理财
"
0,"开o/o發o/o剽xxxxixxxxxx王艳
"
0,xxxxxxxxxxxxxxxxx
0,"d今后不用麻烦去*奥*门了
"
0,"应城中百蒙牛奶粉全场惊爆x
"
0,惊喜x[闪电][ 厂家特惠原价xxxx元面部护理年卡xx次现只需xxxx元xx次[炸弹][炸弹][炸弹]凡在开卡时间一年内做满xx次再
0,"xxx期失利的友友
"
1,"单击服务＞办理＞业务办理＞自由组合套餐变更
"
0,豁然文化学校在职一线金牌教师一对一全科辅导质量保证xx天提升xxx分精品小班师资力量雄厚签约教学价格全市最低提分热线xxxxxxxx
0,"曾经往事常回首
"
0,"尊敬的贵宾：元宵佳节到
"
0,急用钱
0,北方国内货运代 理处欢迎您
0,"我厂为饭店快餐店制造安装改装维修节能炉冰柜空调电器清洗油烟机
"
0,"永乐莘庄龙之梦黑色星期五满额最高送x千积分全网比价xxx%正品保障活动x月xx日至xx日沪闵路xxxx号Bx咨询电话xxxxxxxx
"
0,我是刚才给您打电话的大中华置业顾问【薛野】xxxxxxxxxxx
0,"亲爱的VIP
"
0,出的创业基金￥xxxxx元人民币和苹果笔记本电脑一台
0,嘉新货运公司.主营山东专线
0,香烟供应;中华xxx
0,"冲刺xxx
"
0,"冀新物资:我公司专营H型钢
"
0,莞香楼东升店欢迎您
0,"xxxxxxxxxxxxxxxxxxx王立军建行
"
0,"昆奥电梯感谢您的来电
"
0,"本小额贷款公司利率低放款快额度高适合：工薪贷
"
0,"《小小茶叶》“三八”准备了茶枕
"
0,[大润发六桂福珠宝]尊敬的客户您好
0,"米拉贝尔儿童摄影八一路旗　舰店xxxx喜迎元宵节套餐全　场拍一套　送二套　新主题等您拍充值惊喜多多赶快抢订xxxxxxx【米拉贝尔】
"
0,"玛其娜美容美发有限公司祥泰店
"
0,"哈尔滨市中顺二手车市卖二手车李海常年收二手车三米多一六米多货车提供信息者有信息费电话xxxxxxxxxxx
"
0,免费办理民生银行大额信用卡x--xx万
1,"后致电华为客服说不影响使用就无法更换
"
0,"独门独院
"
0,湖州康宏源净水设备有限公司专业销售安装商用家用净水机现诚聘业务员地址长兴雉城望春路xxx号电话xxxxxxx xxxxxxx
0,"你好同行、我是江北汇中财富的杨菲菲、我们公司在观音桥步行街富力海洋国际写字楼x楼。公司现在件均五万、过件率在百分之五十以上、节后批款速
"
0,"我公司现有一丙二轮机长做大管工资一万五千五百元渐江人今年xx岁有意者联系老陈
"
0,"羊年三八女王节怎么过？千万别略过
"
0,本维修部专业维修出售收购各类衣车电脑平车……欢迎厂家包月维修或零修电话xxxxxxxxxxx刘生
0,"元宵节快乐兄弟出租屋开门营业欢迎新老客户光临优惠条件不变老客户带新客户房价减半
"
0,"""東方锦鯉""""上海"""
1,农行浙江省分行营业部营业中心、农行延安路支行等25家农行合作服务网点
0,"東方錦鯉'上海
"
0,羊咩咩外卖小店明天开业啦……欢迎各位新老顾客订餐优惠多多……联系电话:xxxxxxxxxxx
0,西楚风湖北菜馆欢迎您.本店环境优雅
0,[威远县实验小学]尊敬的唐广家长
0,七字诗：主攻：x
0,";今后不用麻烦去*奥*门了
"
0,九肖蛇羊鼠牛兔龙猴狗猪绝杀鸡猪虎另绝杀猪马羊一诗古戏一出在今期另又聚三合定中特
0,东莞银行凤岗支行x月公司理财
0,国寿幸福家庭专亨利益重大回馈、积分兑换相应礼品、现场有资产管理账户回馈、贴现派送、您到时请连糸服务经理陈友斌！电话xxxxxxxxxx
0,"天津北辰区顺义道天物未来城新房特价优惠不到一万一平米原价xxxxx
"
0,新年喜讯：云/南会/计从/业资/格考/前资/料
0,王为您免费提供:香港六合彩开奖|曾道人|白小姐|惠泽社群|香港赛马会|赛马会开奖结果|liuhecai|六合采|六和彩|x合彩|六合彩
0,"解放营子政府楼下大厅美能达家电城x月x日推出xxx元送智能手机和平台电脑各一台再送一千话费一次性到账电话xxxxxxxxxxx
"
0,"诚心购买:三星Gxxxx电信版或华为Matex电信版
"
0,文登考研
0,轮滑培训本学期报名开始了
0,请速交房租．请存入建行xxxxxxxxxxxxxxxxxxx邹丽平收．房东．谢谢．
0,"前x年期内的银行开发产品
"
0,华润建材x?xx活动劲爆来袭：世界冠军杨威、赵蕊蕊现场签售、xxx元＜冠军宝典＞=xxxx元+品牌榨汁机、购买正价产品满xxxx元可获
0,各位哥子：新款pos机已到，需要信用卡资金周转的请电话咨询我：国瑞城小连：xxxxxxxxxxx
0,深圳税博会计师事务所为您提供高新软件等审计、税审、代理记账、会计真账实操及出口退税培训等服务网址kjxxxx.org电话xxxxxxxx
0,你好!我司有(国/地/单/据/做帐
0,在职骨干教师为您孩子的学习保驾护航、xx年的补习经验、还怕你的孩子学习不好吗？签约辅导、不达预测成绩全额退款。高考中考科科突破xxx分
0,"固原老字号食苑楼饭店感谢您的来电、宁夏三原美食诚邀您光临品鉴郑重承诺菜品不使用味精、防腐剂、色素地址凤凰北街公园西门对面兴仁巷xx
"
0,"周/转不易。银/行通
"
0,"xx期三肖中特（龙xx/xx牛xx
"
0,"农xxxxxxxxxxxOxxxxxxx 彭洋
"
0,鑫鑫商贸感谢您的来电
0,"俊越车行欢迎你的来电
"
0,"亲：邛崃曼妮芬店三八妇女节感恩回馈
"
0,惠群鞋业辉煌十一周年
0,"新一年的开始：本人祝各位全家身体健康、生意兴隆、本公司以开始放款、如有资金困难本人为你排忧解难、合作愉快、xxxx年我们大家一起更好！
"
0,"您好!现岭御苑唯一单位内部转名
"
0,"尊贵会员：国贸大润发一楼“宜欣百货”雅诗兰黛
"
0,丰厚奖励
0,"建行：xxxxxxxxxxxxxxxxxxx方杏美
"
0,澳门政府发布博彩官网 澳门权威赌场网上直营
0,"xxxxxxxxxxxxxxxxx
"
0,"[亿旺服装]套房出售
"
0,"—————约——————泡———— 小涛xxxxxxxxxxx
"
0,你好；如需《办/证》刻/章；等等请联系、电话：lxxxxxxxxxx：见货给钱
0,"户型空调优惠直减xxxx元/套。诚邀您来样板间参观
"
0,你好本公司有正规发票联系人李小姐
0,邮政xxxxxxxxxxxxxxxxx郑泽群
0,"中山市小榄镇南崛纸箱厂感谢您的来电
"
0,"xx套“仅xxxxx”需元高品质特价整装=客厅品牌沙发
"
0,"您好、飞洋健身开设项目：瑜伽、健身操、肚皮舞、爵士舞、拉丁舞、民族舞…………等各种成人健身项目、另有男士减肥、增肌……飞洋健身周家坝店
"
0,"熊双桂邮政/xxxx/xxxx/xxxx/xxxx/xxx
"
0,"xxxx年注册审核员考前泄/密試/题
"
0,东莞电子厂招聘学生工xxx人
